input_index,x_baseline,y_baseline,z_baseline
1,0.65728920698165894,0.38014596700668335,9.9318885803222656
2,0.50323152542114258,0.70737463235855103,7.8170595169067383
3,1.8857948780059814,-1.2095218896865845,7.7578835487365723
4,0.94798541069030762,-0.62992376089096069,10.716615676879883
5,1.2960690259933472,1.3243534564971924,7.4022006988525391
6,-0.7505534291267395,-0.64846330881118774,11.304746627807617
8,1.4439728260040283,-0.34048402309417725,8.1645002365112305
9,0.83633065223693848,-0.77321380376815796,12.219034194946289
10,1.3152791261672974,-0.53597182035446167,6.9627251625061035
11,1.7122645378112793,-1.1443454027175903,7.4313573837280273
12,-1.9195418357849121,0.12286706268787384,8.3484325408935547
13,-0.37128803133964539,-0.61626046895980835,9.945836067199707
15,-0.57500088214874268,-0.29019513726234436,10.937931060791016
16,1.0986031293869019,1.0662441253662109,12.016862869262695
17,-1.3589564561843872,-1.11257004737854,7.1121721267700195
18,-1.4777357578277588,0.25289145112037659,12.536715507507324
19,-1.0901260375976562,1.3348193168640137,10.556659698486328
20,1.9489134550094604,0.69611543416976929,8.401209831237793
22,0.29191359877586365,-0.24837170541286469,8.6890115737915039
23,-1.3185008764266968,0.67426484823226929,9.5551872253417969
24,-1.4384222030639648,-0.69418269395828247,11.035214424133301
25,1.262731671333313,0.088364243507385254,13.192752838134766
26,1.8704764842987061,-0.24168084561824799,12.522190093994141
27,0.17093795537948608,-0.54074907302856445,11.417254447937012
29,-1.6670801639556885,-0.45075827836990356,7.1898598670959473
30,-0.73750430345535278,-1.0064437389373779,10.241545677185059
31,-1.0679318904876709,0.5044243335723877,10.808775901794434
32,-1.0654647350311279,0.31954675912857056,10.887757301330566
33,0.097402140498161316,0.13362956047058105,11.584441184997559
34,0.81546419858932495,0.40022516250610352,12.317531585693359
36,0.48740288615226746,0.42079970240592957,8.880035400390625
37,0.62773442268371582,-0.10280130058526993,8.626063346862793
38,1.8347079753875732,1.0879660844802856,12.824140548706055
39,1.1316099166870117,-0.47071245312690735,11.028035163879395
40,1.1313847303390503,0.78986424207687378,9.6654701232910156
41,1.8975876569747925,0.24610751867294312,8.4331674575805664
43,-0.35722160339355469,0.64437735080718994,7.6482782363891602
44,-1.6788957118988037,-0.35641682147979736,9.2892847061157227
45,1.9440352916717529,0.59732234477996826,8.8709163665771484
46,-0.34009957313537598,-1.2545633316040039,11.990530014038086
47,-0.25327441096305847,0.67885202169418335,8.3986778259277344
48,0.66227507591247559,1.1606200933456421,8.8973846435546875
50,0.957061767578125,0.81205606460571289,7.1200404167175293
51,-0.080741874873638153,0.39298078417778015,12.668405532836914
52,0.65138381719589233,-0.7838209867477417,9.4634437561035156
53,-1.2232612371444702,-1.0761682987213135,7.5816655158996582
54,-1.7337249517440796,0.34860715270042419,8.9271583557128906
55,-1.5331888198852539,0.77958786487579346,8.2477235794067383
57,1.6785558462142944,-0.022495333105325699,10.510377883911133
58,1.2490370273590088,0.046413298696279526,9.6530961990356445
59,1.5788884162902832,-0.012061871588230133,8.4078598022460938
60,0.79849040508270264,0.90908652544021606,9.0350494384765625
61,-1.538865327835083,-0.1363343745470047,8.2238683700561523
62,-1.1187772750854492,0.75249791145324707,12.171814918518066
64,-0.80958586931228638,-0.88804835081100464,8.2192163467407227
65,-1.667707085609436,0.69310575723648071,12.338521957397461
66,1.1511408090591431,-1.1351618766784668,12.638089179992676
67,-0.28755959868431091,0.30520588159561157,6.7681007385253906
68,1.7485694885253906,0.38799589872360229,8.7447147369384766
69,-0.84968745708465576,0.44337743520736694,7.7416586875915527
71,1.2704392671585083,-1.0856434106826782,7.0935473442077637
72,0.36668285727500916,-0.89296603202819824,9.9763250350952148
73,1.5648674964904785,0.56009292602539062,13.101150512695312
74,-0.41956102848052979,1.0731513500213623,9.8387441635131836
75,0.37415429949760437,-0.57016545534133911,8.7444515228271484
76,-1.4983855485916138,-1.0175809860229492,13.113430023193359
78,0.00092925538774579763,-0.4856925904750824,12.701323509216309
79,0.47720077633857727,-0.45634055137634277,12.15470027923584
80,-1.6593849658966064,-0.7433961033821106,8.5945835113525391
81,1.6421643495559692,0.98823636770248413,12.893434524536133
82,0.77309393882751465,-1.1889969110488892,10.252763748168945
83,0.48337540030479431,0.61912822723388672,10.568534851074219
85,-0.42070275545120239,-1.2541135549545288,13.263204574584961
86,1.7049835920333862,0.70448124408721924,8.3929977416992188
87,0.14011649787425995,0.18524782359600067,10.21241283416748
88,1.3408679962158203,-1.3344072103500366,11.260832786560059
89,-1.6156347990036011,0.738800048828125,11.864935874938965
90,-1.1146109104156494,0.78971129655838013,9.3295211791992188
92,1.3693914413452148,0.80633300542831421,10.8115234375
93,-0.019706424325704575,0.53946566581726074,12.861021995544434
94,-0.70612013339996338,-0.25705939531326294,13.354877471923828
95,1.7442114353179932,-0.52200543880462646,11.689882278442383
96,-0.50736767053604126,-0.070991396903991699,8.67352294921875
97,0.68934035301208496,-1.0468840599060059,9.1768884658813477
99,0.072322458028793335,-0.70300948619842529,12.04450798034668
100,0.67418628931045532,0.26350963115692139,10.790814399719238
101,-0.42776250839233398,-1.2163906097412109,6.8579816818237305
102,-0.52325165271759033,0.75902742147445679,7.2469515800476074
103,1.8417119979858398,-1.0298269987106323,11.481008529663086
104,1.7380081415176392,-0.2319791167974472,10.787041664123535
106,1.4143215417861938,-1.0929608345031738,11.451061248779297
107,1.444393515586853,-1.2579461336135864,12.957304000854492
108,1.222257137298584,0.70092427730560303,10.342849731445312
109,-0.5709264874458313,-1.1804797649383545,11.967763900756836
110,-0.78393203020095825,-1.3482397794723511,8.6154813766479492
111,-1.5393335819244385,-0.40898975729942322,8.3431501388549805
113,-1.5744689702987671,-1.3505485057830811,11.504360198974609
114,-1.2489169836044312,1.3389228582382202,9.7555704116821289
115,0.70921856164932251,1.2108362913131714,12.699044227600098
116,1.9821895360946655,1.0127280950546265,6.9933829307556152
117,-1.9224268198013306,-0.89312803745269775,9.7949514389038086
118,-0.54292374849319458,-1.0842956304550171,10.708469390869141
120,-0.67206978797912598,0.056186594069004059,13.494929313659668
121,0.36457705497741699,1.2088896036148071,10.458441734313965
122,0.41169816255569458,-0.35871398448944092,8.0517034530639648
123,-0.98683279752731323,-0.88788110017776489,7.2819819450378418
124,-1.1950597763061523,-0.95137655735015869,10.992999076843262
125,0.37827438116073608,0.86585122346878052,8.3871259689331055
127,-2.0265038013458252,-0.20165996253490448,10.879264831542969
128,1.1106117963790894,-0.99434232711791992,13.288451194763184
129,0.12628473341464996,0.9388662576675415,6.8270220756530762
130,0.99565684795379639,1.1921645402908325,8.7455615997314453
131,0.66028648614883423,-0.11963047832250595,10.721504211425781
132,0.75146937370300293,-0.11663211137056351,11.882482528686523
134,-1.4616571664810181,-1.1673662662506104,9.4443454742431641
135,-0.81996846199035645,1.192132830619812,11.538974761962891
136,-1.6711101531982422,0.75938087701797485,9.383148193359375
137,-1.8227598667144775,0.24096742272377014,12.074954986572266
138,1.1252995729446411,-0.56838208436965942,9.5591545104980469
139,-0.33473986387252808,-1.1403671503067017,8.2164211273193359
141,-0.3432687520980835,1.1568259000778198,7.579918384552002
142,1.3845030069351196,-0.64241969585418701,7.413123607635498
143,1.0136529207229614,0.1028580442070961,7.2878756523132324
144,0.64840620756149292,-0.85150438547134399,8.6255683898925781
145,-1.1600974798202515,-0.24005076289176941,13.100433349609375
146,-0.1693427711725235,-0.092817030847072601,10.928402900695801
148,1.6298389434814453,-0.023315595462918282,7.7621674537658691
149,-1.7633786201477051,1.135209321975708,9.2052040100097656
150,-0.36129921674728394,0.97530597448348999,7.5560483932495117
151,-1.8825235366821289,0.034938491880893707,12.625649452209473
152,0.13090980052947998,1.1080477237701416,9.0325822830200195
153,-1.8988163471221924,-0.011538815684616566,11.314397811889648
155,-1.2357370853424072,-0.44377711415290833,8.910801887512207
156,-0.92632681131362915,0.51119279861450195,8.4039859771728516
157,1.9967250823974609,-0.82326942682266235,11.636323928833008
158,1.5256819725036621,0.96710550785064697,12.154994964599609
159,1.2891422510147095,1.0824688673019409,8.916046142578125
160,1.8015710115432739,0.21241408586502075,8.1306142807006836
162,0.22953818738460541,0.21411591768264771,12.354065895080566
163,-1.4701160192489624,-1.0421935319900513,10.647103309631348
164,1.0526832342147827,0.64738321304321289,12.727315902709961
165,-1.3443813323974609,0.9077228307723999,8.7723751068115234
166,0.24793078005313873,1.0320439338684082,7.4030771255493164
167,-1.9838988780975342,-1.0197118520736694,9.1209421157836914
169,-1.4703086614608765,0.77937763929367065,11.704753875732422
170,0.38217464089393616,1.155043363571167,7.3734498023986816
171,-0.74303120374679565,-0.6263880729675293,9.5251455307006836
172,0.24305497109889984,0.93164181709289551,9.4542608261108398
173,1.5853233337402344,1.253920316696167,13.234484672546387
174,-0.43431827425956726,0.61445534229278564,9.8054838180541992
176,-1.2027912139892578,-0.78372526168823242,11.68864631652832
177,-1.4227573871612549,-0.88509082794189453,8.0274028778076172
178,0.86329609155654907,0.052209228277206421,10.385557174682617
179,-0.79429644346237183,1.2293937206268311,10.39519214630127
180,1.8639267683029175,0.017631910741329193,7.2327451705932617
181,-1.2834837436676025,0.8702201247215271,9.2240257263183594
183,1.9252432584762573,-0.54614943265914917,6.7884602546691895
184,-0.31506094336509705,0.42692205309867859,9.3949422836303711
185,0.25133690237998962,0.72632020711898804,8.8363237380981445
186,-0.52009975910186768,-0.10189189016819,9.0813283920288086
187,-0.78449052572250366,-1.0304975509643555,6.9273757934570312
188,1.6530108451843262,-0.4944750964641571,9.176666259765625
190,-0.4782092273235321,-0.10673599690198898,7.4498281478881836
191,1.2001360654830933,-0.0041140662506222725,12.430809020996094
192,-0.020511152222752571,-1.1441291570663452,11.639542579650879
193,1.64606773853302,-0.28818058967590332,11.334126472473145
194,-1.105554461479187,-0.94171476364135742,7.4224886894226074
195,0.1648506224155426,-0.45066151022911072,8.9220390319824219
197,0.76649647951126099,0.87668454647064209,9.9286708831787109
198,0.16482283174991608,-0.9788321852684021,12.652246475219727
199,-0.61582249402999878,-0.70568233728408813,7.8757553100585938
200,-1.2856383323669434,0.029172791168093681,9.3869609832763672
201,0.13449597358703613,0.28204184770584106,10.468873023986816
202,-1.1114108562469482,-0.93806606531143188,9.1987314224243164
204,1.5733497142791748,0.20591792464256287,13.285357475280762
205,-0.27956154942512512,-0.60488909482955933,6.8788571357727051
206,-0.052376162260770798,0.00036642115446738899,8.4869146347045898
207,-0.044684268534183502,1.2069023847579956,7.228456974029541
208,-1.6716986894607544,-0.73374718427658081,8.9108295440673828
209,1.2766027450561523,0.66303104162216187,6.9657163619995117
211,0.31889569759368896,-0.077394269406795502,10.525919914245605
212,0.097665213048458099,-1.1928822994232178,12.987844467163086
213,1.0303610563278198,0.1717652827501297,13.078166007995605
214,-1.2372092008590698,-0.36078131198883057,7.3330388069152832
215,-1.727857232093811,-1.231542706489563,13.251276969909668
216,0.56251430511474609,0.22554133832454681,7.501826286315918
218,-1.5365258455276489,0.71702879667282104,9.9246721267700195
219,0.48421496152877808,-0.62114012241363525,7.347559928894043
220,-0.45148497819900513,1.3444646596908569,13.187830924987793
221,-1.7807151079177856,-0.28770503401756287,11.03240966796875
222,-1.3126294612884521,0.1925661563873291,10.439478874206543
223,1.7570581436157227,-0.057964079082012177,11.983920097351074
225,0.88323485851287842,0.33977213501930237,9.6876945495605469
226,1.0663611888885498,0.69355118274688721,8.3777141571044922
227,1.2162216901779175,-0.013824422843754292,12.909523963928223
228,0.38420969247817993,0.16329649090766907,12.432998657226562
229,-0.55782514810562134,-0.85293394327163696,8.7949447631835938
230,1.0401971340179443,0.52515393495559692,11.86955451965332
232,1.5691171884536743,-1.2891234159469604,6.8847813606262207
233,1.1456590890884399,1.2924649715423584,7.4655957221984863
234,-1.5750174522399902,0.82434338331222534,6.8697352409362793
235,-0.23477345705032349,-0.38458907604217529,6.9593639373779297
236,-0.68185436725616455,0.68672317266464233,7.9885497093200684
237,1.4694126844406128,0.20290520787239075,8.7637186050415039
239,-1.6674065589904785,-0.76607924699783325,12.949706077575684
