index,x_scene,y_scene,z_scene,u1_px,v1_px,u2_px,v2_px,known_mismatch
0,-1.1490019798278808,-0.72896785736083991,4.1539740562438965,174.74443054199219,150.4989013671875,342.607421875,236.00938415527344,1
1,0.39125804901123051,0.23154497146606445,5.9360966682434082,354.7535400390625,259.80490112304688,347.15032958984375,261.7027587890625,0
2,0.29940791130065914,0.42549781799316411,4.6585536003112793,353.80926513671875,286.48367309570312,331.79312133789062,288.8485107421875,0
3,1.1338690280914305,-0.72817754745483398,4.668086051940918,447.6190185546875,160.55686950683594,426.99920654296875,161.44621276855469,0
4,0.56327204704284672,-0.37180881500244145,6.3864071369171143,366.44778442382812,210.27565002441406,362.87197875976562,211.71049499511719,0
5,0.77682008743286124,0.79706707000732435,4.4300253391265869,411.9501953125,331.89358520507812,386.92294311523438,334.93438720703125,0
6,-0.44247937202453613,-0.38010711669921876,6.668342113494873,285.15118408203125,211.03025817871094,284.174560546875,212.70646667480469,0
7,0.79903078079223633,-0.3332056999206543,6.1218006610870361,388.4923095703125,212.11288452148438,215.67446899414062,223.054931640625,1
8,0.86448097229003884,-0.20048437118530271,4.880211353302002,412.85614013671875,218.898681640625,394.62350463867188,220.88304138183594,0
9,0.49571242332458487,-0.45546112060546878,7.2324285507202148,355.93975830078125,207.96858215332031,358.32571411132812,209.28298950195312,0
10,0.78797478675842281,-0.32007665634155275,4.1672084331512451,419.17709350585938,200.86077880859375,389.79281616210938,202.9439697265625,0
11,1.0270999431610106,-0.6865715026855469,4.4594650268554688,440.96783447265625,161.57339477539062,417.0665283203125,162.59056091308594,0
12,-1.131709098815918,0.075514125823974654,4.9192030429840088,199.29698181152344,247.79899597167969,184.5889892578125,249.63507080078125,0
13,-0.21847314834594722,-0.3631020545959473,5.8892645835876465,300.40704345703125,208.62721252441406,292.94219970703125,210.53823852539062,0
14,-0.44694457054138181,-0.12159929275512693,6.5942802429199219,284.30801391601562,230.49873352050781,320.32012939453125,257.6754150390625,1
15,-0.33924551010131831,-0.16689939498901363,6.4661197662353516,292.40737915039062,226.69532775878906,289.79302978515625,228.45457458496094,0
16,0.65261006355285645,0.63783912658691411,7.1165597438812256,368.0096435546875,285.62249755859375,369.80825805664062,287.40032958984375,0
17,-0.79906711578369138,-0.65436735153198244,4.1853377819061279,219.68533325195312,160.19790649414062,193.51655578613281,164.36903381347656,0
18,-0.87664246559143066,0.15286436080932619,7.4220259189605713,258.1275634765625,250.62887573242188,262.13095092773438,251.85838317871094,0
19,-0.64570899009704585,0.79475097656250004,6.2460958957672119,265.805419921875,304.99502563476562,261.8504638671875,305.7401123046875,0
20,1.1686230182647706,0.42090806961059579,5.0425050258636475,441.80538940429688,282.68795776367188,426.291748046875,285.36166381835938,0
21,-0.77537455558776847,-0.61767425537109377,7.5444447994232178,266.03945922851562,198.31011962890625,379.29345703125,244.48426818847656,1
22,0.17392873764038086,-0.1445164680480957,5.1530807018280029,337.64300537109375,225.61015319824219,322.37164306640625,227.70819091796875,0
23,-0.77613215446472172,0.40033388137817383,5.6251144409179688,247.57012939453125,276.38662719726562,238.91561889648438,277.57608032226562,0
24,-0.84783325195312498,-0.40616331100463871,6.5121510028839111,251.57087707519531,208.06370544433594,250.12457275390625,210.22804260253906,0
25,0.74749073982238756,0.056759166717529341,7.7928025722503662,370.25839233398438,243.69503784179688,376.03533935546875,245.13180541992188,0
26,1.1140052318572999,-0.1392271995544434,7.4459784030914307,398.43197631835938,230.54119873046875,402.6097412109375,231.64933776855469,0
27,0.10321869850158683,-0.31567068099975587,6.7594163417816162,327.86709594726562,216.10301208496094,327.06668090820312,217.63993835449219,0
28,0.44995136260986324,0.037685394287109375,7.7209961414337158,350.45266723632812,242.59762573242188,252.78703308105469,269.87332153320312,1
29,-0.97950897216796873,-0.26341762542724612,4.2232565879821777,198.27317810058594,208.121826171875,173.77145385742188,211.37472534179688,0
30,-0.43715772628784177,-0.59388113021850586,6.05729079246521,282.1995849609375,190.11460876464844,276.48635864257812,192.15061950683594,0
31,-0.63266644477844236,0.30231695175170903,6.3894262313842773,268.14019775390625,264.14703369140625,265.31222534179688,265.47756958007812,0
32,-0.62687458992004397,0.19301776885986333,6.4155797958374023,268.63253784179688,255.23490905761719,266.15328979492188,256.77474975585938,0
33,0.056768274307251065,0.083542823791503906,6.8977718353271484,324.4259033203125,246.26739501953125,324.27767944335938,247.61837768554688,0
34,0.48413786888122567,0.24012041091918945,7.2876722812652588,354.7679443359375,256.91775512695312,357.48101806640625,258.38775634765625,0
35,-0.11338992118835445,0.78361310958862318,6.1754443645477295,310.48355102539062,304.73471069335938,331.76593017578125,196.37846374511719,1
36,0.29068307876586919,0.25277175903320304,5.2867920398712158,348.82687377929688,264.5006103515625,334.876953125,266.47940063476562,0
37,0.37446599006652836,-0.058721351623535201,5.1257040500640869,358.21328735351562,234.19943237304688,342.57339477539062,236.15080261230469,0
38,1.0915504932403566,0.65374097824096689,7.6193110942840576,395.12496948242188,283.68402099609375,400.23272705078125,285.47830200195312,0
39,0.67397174835205065,-0.27703008651733396,6.5528712272644043,373.87933349609375,218.52490234375,371.80343627929688,219.88925170898438,0
40,0.67521672248840336,0.47544298171997079,5.773341178894043,381.46502685546875,282.002685546875,372.71725463867188,284.2142333984375,0
41,1.1387706756591796,0.14967441558837891,5.0553526878356934,438.14276123046875,255.18234252929688,422.74899291992188,257.51095581054688,0
42,0.037809991836547763,0.7692731857299806,5.2322869300842285,323.90310668945312,314.86358642578125,342.81832885742188,222.45187377929688,1
43,-0.21254353523254399,0.38633708953857426,4.5444648265838623,295.49542236328125,283.43081665039062,272.27304077148438,285.12338256835938,0
44,-0.9864874362945556,-0.20641889572143557,5.462876558303833,225.11947631835938,220.61737060546875,215.65060424804688,222.91328430175781,0
45,1.1656715869903562,0.36077899932861324,5.3162941932678223,435.0657958984375,274.72119140625,422.71163940429688,277.1920166015625,0
46,-0.20007691383361814,-0.73788356781005859,7.0873339176177979,305.11422729492188,186.87490844726562,306.58871459960938,188.50111389160156,0
47,-0.14922752380371085,0.4056859016418457,4.9671261310577393,304.18096923828125,281.60006713867188,286.96234130859375,283.36837768554688,0
48,0.39448971748352046,0.69259834289550781,5.2782680988311768,359.09756469726562,307.03811645507812,345.31466674804688,309.03778076171875,0
49,0.24993882179260263,-0.26871385574340823,4.6499979496002197,348.3358154296875,210.55104064941406,410.66232299804688,285.89511108398438,1
50,0.5729722023010253,0.49036674499511723,4.2625114917755127,390.58642578125,298.62106323242188,362.29617309570312,301.36196899414062,0
51,-0.045675230026245073,0.23789615631103511,7.4707183837890625,316.66265869140625,256.0958251953125,320.41705322265625,257.56298828125,0
52,0.38698382377624507,-0.46510934829711914,5.6365411281585693,356.1390380859375,197.85951232910156,345.92581176757812,199.75381469726562,0
53,-0.72017898559570304,-0.63342294692993173,4.4662225246429443,235.29740905761719,167.7733154296875,213.01106262207031,171.14205932617188,0
54,-1.0149925231933594,0.20721874237060556,5.2312793731689453,218.05082702636719,260.21630859375,206.56179809570312,261.76583862304688,0
55,-0.9007917881011962,0.46270542144775395,4.8464164733886719,222.42222595214844,288.63522338867188,206.00198364257812,289.66250610351562,0
56,0.41987385749816886,-0.49572906494140628,7.7679688930511475,348.40139770507812,207.46815490722656,323.692138671875,263.01666259765625,1
57,1.000961208343506,-0.0086734771728516069,6.2626936435699463,403.8543701171875,239.21897888183594,400.00588989257812,240.83560180664062,0
58,0.7455340862274169,0.031181144714355513,5.7694816589355469,387.94070434570312,242.76959228515625,379.23394775390625,244.54220581054688,0
59,0.9466711521148683,-0.0052796363830566184,5.0420880317687988,418.59844970703125,239.59934997558594,402.40304565429688,241.53825378417969,0
60,0.47705297470092778,0.54571590423583993,5.3828206062316895,366.41470336914062,291.77911376953125,353.61318969726562,293.79202270507812,0
61,-0.90796837806701658,-0.078329658508300759,4.8455624580383301,221.76530456542969,231.69044494628906,205.23820495605469,234.11709594726562,0
62,-0.65990867614746096,0.44910354614257808,7.1787338256835938,271.7615966796875,272.0377197265625,274.24142456054688,272.86962890625,0
63,0.63554635047912589,-0.31550836563110352,6.3222048282623291,372.66278076171875,214.47084045410156,349.42385864257812,254.4501953125,1
64,-0.48025746345520015,-0.5245763778686523,4.8732647895812988,268.29144287109375,185.05238342285156,250.3553466796875,187.76673889160156,0
65,-0.98541269302368162,0.4139357566833497,7.2881464958190918,249.05210876464844,269.01840209960938,252.58917236328125,270.0181884765625,0
66,0.68342714309692387,-0.672983741760254,7.5137186050415039,367.82485961914062,194.40960693359375,371.79873657226562,195.53616333007812,0
67,-0.16984763145446768,0.18364992141723635,4.00978684425354,297.70501708984375,263.33480834960938,265.59112548828125,265.58856201171875,0
68,1.0486507415771482,0.236185646057129,5.237931489944458,424.9884033203125,262.94659423828125,411.43972778320312,265.28262329101562,0
69,-0.50036201477050779,0.26493501663208008,4.56545090675354,262.3936767578125,269.66018676757812,240.65188598632812,271.22714233398438,0
70,-0.95623497962951653,-0.69621677398681647,7.5008871555328369,253.02626037597656,192.7918701171875,383.59783935546875,191.51861572265625,1
71,0.76116170883178702,-0.65089435577392585,4.2478768825531006,414.02703857421875,161.97859191894531,385.9378662109375,163.61160278320312,0
72,0.21847443580627446,-0.52693023681640627,5.9166274070739746,339.30322265625,194.63325500488281,331.855224609375,196.17575073242188,0
73,0.93343949317932107,0.33882017135620113,7.801971435546875,382.72055053710938,262.1639404296875,388.4346923828125,263.68426513671875,0
74,-0.24933371543884275,0.64256620407104492,5.8360657691955566,297.62811279296875,296.06964111328125,289.58609008789062,297.39639282226562,0
75,0.22193942070007333,-0.33868980407714844,5.218045711517334,342.46865844726562,206.94935607910156,327.58889770507812,208.90870666503906,0
76,-0.8827551841735839,-0.59558305740356454,7.722710132598877,260.0179443359375,200.67721557617188,265.82412719726562,202.42811584472656,0
77,-0.49499645233154299,0.69550142288208017,6.0702776908874512,277.18026733398438,298.43753051757812,245.35862731933594,311.29632568359375,1
78,-0.0010156631469726562,-0.28489751815795905,7.5484702587127686,320.04888916015625,220.88423156738281,323.89791870117188,222.06640625,0
79,0.28284902572631831,-0.26841917037963869,7.2534298896789551,340.61911010742188,221.11985778808594,342.65484619140625,222.53396606445312,0
80,-0.97698297500610343,-0.43685111999511722,5.0606164932250977,218.63926696777344,196.00001525878906,204.94410705566406,198.96684265136719,0
81,0.97782568931579594,0.59562759399414067,7.6778790950775146,386.882080078125,279.53912353515625,392.021728515625,281.1446533203125,0
82,0.46141347885131845,-0.70620527267456057,6.1186256408691406,359.5899658203125,180.998779296875,353.70867919921875,182.52638244628906,0
83,0.28602890968322758,0.37348680496215825,6.2837998867034912,344.02413940429688,270.23797607421875,339.54928588867188,271.91705322265625,0
84,0.65040292739868155,-0.6166099548339844,4.6160485744476318,393.91647338867188,171.83966064453125,333.08840942382812,301.20944213867188,1
85,-0.2516664505004883,-0.74287118911743166,7.879871129989624,303.35321044921875,192.03253173828125,309.02981567382812,193.50138854980469,0
86,1.0221323490142822,0.42661294937133798,5.0376925468444824,426.66409301757812,283.1832275390625,410.59368896484375,285.865478515625,0
87,0.083135461807251065,0.11329860687255855,6.0501596927642822,327.2113037109375,249.51608276367188,320.9703369140625,251.28843688964844,0
88,0.79944863319396964,-0.79259910583496096,6.7063164710998535,382.51806640625,179.76565551757812,381.58941650390625,180.79975891113281,0
89,-0.94644799232482901,0.43832225799560542,6.9548633098602295,248.52580261230469,272.17938232421875,250.39402770996094,273.08563232421875,0
90,-0.65596075057983394,0.46981000900268555,5.4956986904144287,257.2930908203125,283.61013793945312,247.07176208496094,284.74728393554688,0
91,-0.52144346237182615,0.21450023651123051,5.5263779163360596,270.37545776367188,259.6552734375,369.70803833007812,203.15878295898438,1
92,0.81935448646545406,0.48782377243041997,6.4783339500427246,386.509765625,278.40948486328125,383.68795776367188,280.361328125,0
93,-0.0095120429992676669,0.3225800514221191,7.5816874504089355,319.2086181640625,261.79559326171875,323.5682373046875,263.00775146484375,0
94,-0.4179172039031982,-0.14655170440673826,7.8861792087554932,292.24783325195312,230.41000366210938,298.2823486328125,231.91159057617188,0
95,1.0405930995941162,-0.30863723754882816,6.985349178314209,398.3397216796875,217.44760131835938,399.48983764648438,218.77949523925781,0
96,-0.30045948028564451,-0.039758110046386741,5.141775369644165,289.30062866210938,236.20646667480469,274.25204467773438,237.98289489746094,0
97,0.40973467826843257,-0.62044019699096686,5.4543886184692383,359.43923950195312,181.94686889648438,347.50433349609375,183.69947814941406,0
98,0.75518560409545898,-0.24525995254516608,7.8147201538085938,370.84152221679688,223.87040710449219,282.8116455078125,294.1424560546875,1
99,0.04310917854309082,-0.41341857910156254,7.1471881866455078,323.1572265625,210.418701171875,324.76397705078125,212.03471374511719,0
100,0.4005536556243896,0.16104993820190427,6.4248843193054199,352.80783081054688,252.67587280273438,349.43441772460938,254.527099609375,0
101,-0.25420689582824707,-0.72200279235839848,4.0729963779449463,287.2528076171875,149.50628662109375,256.39260864257812,153.00970458984375,0
102,-0.31073799133300783,0.45419931411743164,4.2989096641540527,282.1107177734375,293.89401245117188,255.33930969238281,295.5028076171875,0
103,1.1001514434814454,-0.61202526092529297,6.846954345703125,404.22296142578125,194.48912048339844,404.68359375,195.43742370605469,0
104,1.0373202323913573,-0.13436164855957033,6.440441370010376,404.5968017578125,229.33457946777344,402.07089233398438,230.77609252929688,0
105,-0.75338659286499021,0.72506217956542973,5.6475777626037598,250.06280517578125,305.523193359375,393.26095581054688,197.82746887207031,1
106,0.84382896423339848,-0.6503929138183594,6.8471968173980713,384.84576416015625,191.44734191894531,384.754638671875,192.73016357421875,0
107,0.85603694915771489,-0.7407536506652832,7.6594066619873047,378.52706909179688,190.63926696777344,383.71868896484375,191.74578857421875,0
108,0.72724170684814449,0.42188873291015638,6.1493868827819824,382.05123901367188,274.84609985351562,376.922119140625,276.96487426757812,0
109,-0.33514523506164551,-0.69272375106811523,7.0530705451965332,294.96109008789062,189.97248840332031,296.43289184570312,191.59555053710938,0
110,-0.46528844833374017,-0.79721145629882817,5.1041536331176758,272.2322998046875,160.32711791992188,257.12576293945312,163.13075256347656,0
111,-0.90659008026123045,-0.24019107818603513,4.9182925224304199,223.14097595214844,215.17918395996094,207.46159362792969,217.75350952148438,0
112,0.11563367843627925,0.35398292541503906,4.6096005439758301,333.1580810546875,279.07379150390625,209.59965515136719,303.74044799804688,1
113,-0.92663669586181641,-0.7920069694519043,6.7723991870880127,248.15330505371094,180.30995178222656,248.71159362792969,182.64755249023438,0
114,-0.73465833663940427,0.79420289993286142,5.7496459484100342,252.802978515625,310.3587646484375,245.11750793457031,311.30935668945312,0
115,0.42176671028137203,0.72867116928100595,7.567664623260498,349.33560180664062,289.05584716796875,353.28225708007812,290.53622436523438,0
116,1.1910095214843748,0.61152362823486328,4.1973361968994141,468.82391357421875,314.3115234375,441.43893432617188,318.29061889648438,0
117,-1.1326296329498291,-0.52355823516845712,5.7653710842132568,216.96684265136719,193.78787231445312,210.65028381347656,196.22987365722656,0
118,-0.32084927558898924,-0.63965415954589844,6.3394095897674561,293.38760375976562,188.59199523925781,289.74462890625,190.47756958007812,0
119,0.50895037651062003,-0.19261302947998049,4.2827305793762207,382.36468505859375,217.00595092773438,245.62289428710938,272.85556030273438,1
120,-0.39729280471801753,0.038968658447265603,7.9888143539428711,293.86282348632812,242.41281127929688,300.28118896484375,243.7484130859375,0
121,0.2159076690673829,0.72333211898803706,6.2008545398712158,338.31671142578125,299.36968994140625,333.28646850585938,301.05935668945312,0
122,0.24555559158325191,-0.21103591918945319,4.7745320796966553,346.85226440429688,217.58000183105469,326.7845458984375,219.52691650390625,0
123,-0.58188657760620111,-0.52293281555175786,4.2977352142333984,248.85498046875,177.88272094726562,223.33413696289062,181.26646423339844,0
124,-0.7066400527954102,-0.55962362289428713,6.4894700050354004,262.93115234375,196.04624938964844,261.04562377929688,198.17939758300781,0
125,0.22494206428527841,0.51802253723144531,4.9897370338439941,343.69381713867188,293.076171875,326.22286987304688,295.08926391601562,0
126,0.59203906059265132,0.34708299636840811,4.0873420238494873,395.9208984375,283.19027709960938,244.38912963867188,192.53689575195312,1
127,-1.1873504161834716,-0.11554641723632808,6.378371000289917,222.21282958984375,230.74082946777344,220.94110107421875,232.64866638183594,0
128,0.65871090888977046,-0.58553524017333991,7.8983571529388428,363.88345336914062,202.05502319335938,369.85775756835938,203.22073364257812,0
129,0.07472991943359375,0.5622507095336915,4.0561661720275879,329.7314453125,310.6678466796875,297.92526245117188,312.75537109375,0
130,0.59482355117797847,0.71684646606445312,5.2312037944793701,379.78857421875,310.01223754882812,365.2142333984375,312.34857177734375,0
131,0.39159379005432138,-0.067944145202636697,6.3762223720550537,352.34213256835938,234.64901733398438,348.63723754882812,236.14413452148438,0
132,0.44727087020874023,-0.065017986297607466,7.0952086448669434,353.21356201171875,235.39299011230469,354.33258056640625,236.63737487792969,0
133,-0.40611162185668948,-0.48457374572753908,4.2845709323883057,270.2666015625,182.21563720703125,320.966064453125,322.61398315429688,1
134,-0.85936117172241211,-0.68583106994628906,5.5617189407348633,238.7529296875,177.178955078125,229.76699829101562,179.87113952636719,0
135,-0.48200826644897454,0.70735082626342782,6.8027403354644775,282.70635986328125,293.05624389648438,282.6771240234375,294.20620727539062,0
136,-0.98767919540405269,0.45139083862304696,5.5376536846160889,226.51113891601562,281.61178588867188,217.511474609375,282.75067138671875,0
137,-1.0673130512237547,0.14648647308349605,7.0799646377563477,240.76231384277344,250.58988952636719,243.59744262695312,251.69038391113281,0
138,0.67208290100097656,-0.33479948043823243,5.6968326568603516,381.80807495117188,209.87786865234375,372.45843505859375,211.51445007324219,0
139,-0.19726238250732431,-0.6739562034606934,4.8602473735809326,298.61343383789062,169.321044921875,280.12484741210938,171.92205810546875,0
140,-0.87124314308166495,-0.31513614654541017,7.2560908794403076,256.86199951171875,217.70611572265625,208.81694030761719,187.19349670410156,1
141,-0.20194287300109859,0.68731422424316402,4.4790279865264893,296.24093627929688,318.25796508789062,272.38812255859375,319.95584106445312,0
142,0.82907752990722661,-0.38439569473266605,4.4433491230010986,418.053466796875,195.90306091308594,393.31173706054688,197.81187438964844,0
143,0.60638093948364258,0.064393424987792991,4.367476224899292,393.0313720703125,247.53083801269531,366.51007080078125,249.8349609375,0
144,0.38728079795837411,-0.50540733337402344,5.1337165832519531,359.4698486328125,189.83642578125,343.84454345703125,191.64556884765625,0
145,-0.68717894554138181,-0.13728151321411131,7.7494761943817139,273.5213623046875,231.08329772949219,279.02035522460938,232.22718811035156,0
146,-0.10108294486999503,-0.052353858947753906,6.4773499965667725,311.87518310546875,236.02580261230469,309.04360961914062,237.48817443847656,0
147,-1.1785985469818114,-0.34440221786499026,6.017136812210083,217.01924133300781,210.6729736328125,291.78952026367188,265.19158935546875,1
148,0.97843222618103032,-0.010591506958007812,4.6592121124267578,430.24368286132812,238.73605346679688,409.08529663085938,240.937255859375,0
149,-1.0383616447448729,0.67197704315185547,5.4152028560638428,219.447509765625,303.3687744140625,209.61383056640625,303.89892578125,0
150,-0.21258959770202634,0.58009710311889662,4.4660205841064453,294.91543579101562,306.33023071289062,270.860107421875,307.89462280273438,0
151,-1.1025462627410889,0.025244045257568404,7.4030158519744873,241.72970581054688,241.70143127441406,246.42120361328125,243.08924865722656,0
152,0.078966093063354448,0.65971641540527348,5.3395838737487793,327.62335205078125,302.95285034179688,314.63839721679688,304.8067626953125,0
153,-1.1138274192810058,-0.0030577659606934038,6.6447103023529053,231.89881896972656,239.67457580566406,232.13508605957031,241.40509033203125,0
154,0.82361841201782204,-0.67405195236206061,6.3183836936950684,388.31576538085938,185.6861572265625,374.07806396484375,241.35836791992188,1
155,-0.7279200553894043,-0.25918025970458991,5.2541091442108154,247.20028686523438,214.84466552734375,234.67535400390625,217.09263610839844,0
156,-0.54692659378051756,0.30474081039428702,4.9606626033782959,262.14111328125,271.2901611328125,245.70036315917969,273.06497192382812,0
157,1.1919759750366212,-0.48829116821289065,6.9403164386749268,410.09326171875,204.16302490234375,411.33599853515625,205.18824768066406,0
158,0.91068291664123513,0.58293724060058594,7.252436637878418,385.91268920898438,281.01007080078125,388.5218505859375,282.72918701171875,0
159,0.76939158439636235,0.65028762817382812,5.3132820129394531,395.92718505859375,302.42288208007812,382.80340576171875,304.78506469726562,0
160,1.0809452533721922,0.1300844192504883,4.8827564716339111,436.33639526367188,253.55197143554688,418.514892578125,256.051025390625,0
161,0.92959256172180171,0.1688445091247559,6.0656471252441406,400.42718505859375,254.15231323242188,330.65151977539062,202.13922119140625,1
162,0.13525128364562988,0.13189020156860354,7.3661971092224121,329.7630615234375,249.11686706542969,332.4588623046875,250.61990356445312,0
163,-0.87078051567077641,-0.61527814865112307,6.2979636192321777,247.51455688476562,190.28280639648438,244.46113586425781,192.58688354492188,0
164,0.62718143463134757,0.39059896469116206,7.5589632987976074,363.4366455078125,266.35140991210938,367.632080078125,267.76934814453125,0
165,-0.78761916160583501,0.53718290328979501,5.1489050388336182,239.55987548828125,293.23489379882812,226.29673767089844,294.18203735351562,0
166,0.14799342155456552,0.61787166595458998,4.4001543521881104,337.59835815429688,311.517578125,311.77127075195312,313.77679443359375,0
167,-1.1707666397094727,-0.59999284744262704,5.3803715705871582,205.81184387207031,183.18914794921875,196.06578063964844,186.17793273925781,0
168,1.1615422725677489,0.5535694122314454,6.4636359214782715,414.31344604492188,283.60354614257812,267.81365966796875,198.20220947265625,1
169,-0.8664453506469727,0.46617879867553724,6.8994247913360596,254.06344604492188,274.30960083007812,255.20770263671875,275.38632202148438,0
170,0.22771339416503911,0.68915109634399419,4.3786258697509766,347.23178100585938,320.41436767578125,321.11184692382812,322.63894653320312,0
171,-0.43747043609619141,-0.36739883422851566,5.6247668266296387,279.05001831054688,206.61380004882812,269.566162109375,208.85820007324219,0
172,0.14454445838928232,0.55720939636230482,5.6185052394866943,333.51315307617188,290.70883178710938,323.11834716796875,292.385498046875,0
173,0.94494295120239236,0.75182647705078121,7.8750059604644775,382.90603637695312,288.810791015625,389.02569580078125,290.3974609375,0
174,-0.25844492912292483,0.36897945404052734,5.8175218105316162,296.75405883789062,272.198974609375,288.56326293945312,273.97500610351562,0
175,0.93318786621093763,-0.55564203262329104,6.8192424774169922,391.75241088867188,198.30140686035156,328.7457275390625,194.64419555664062,1
176,-0.70960006713867185,-0.46052980422973633,6.9039609432220459,265.98333740234375,206.08651733398438,266.83758544921875,207.84616088867188,0
177,-0.8400315284729003,-0.52086029052734384,4.7375278472900391,226.95468139648438,183.96142578125,208.72340393066406,187.01441955566406,0
178,0.51379952430725107,0.035179042816162132,6.1860146522521973,363.65121459960938,242.91949462890625,358.45693969726562,244.49192810058594,0
179,-0.46770358085632324,0.7314151763916017,6.139540433883667,279.89764404296875,300.6629638671875,274.93862915039062,301.91897583007812,0
180,1.1198000907897947,0.012161827087402322,4.3429853916168213,455.30361938476562,241.47999572753906,429.93072509765625,243.95332336425781,0
181,-0.75665545463562012,0.51619539260864267,5.4343469142913818,246.96279907226562,288.51104736328125,236.37699890136719,289.62777709960938,0
182,0.81575918197631814,-0.41745357513427739,4.3096156120300293,419.307861328125,190.59425354003906,328.18194580078125,199.38467407226562,1
183,1.1569463253021242,-0.32785692214965823,4.082402229309082,468.89764404296875,199.15267944335938,439.17135620117188,200.80638122558594,0
184,-0.18495812416076651,0.2553863525390625,5.5452463626861572,302.40631103515625,263.55197143554688,291.81503295898438,265.1600341796875,0
185,0.14999155998229985,0.43473834991455074,5.2429733276367188,334.94546508789062,282.2811279296875,320.66424560546875,284.22195434570312,0
186,-0.31073698997497556,-0.056933403015136719,5.4021561145782471,289.94189453125,234.60018920898438,277.59033203125,236.42240905761719,0
187,-0.46530561447143548,-0.61084356307983401,4.1059489250183105,260.54608154296875,164.11848449707031,231.06248474121094,167.79510498046875,0
188,0.98999848365783705,-0.29271574020385749,5.4988448619842529,414.576416015625,212.78286743164062,403.60903930664062,214.2535400390625,0
189,-0.024328279495239302,0.53234968185424814,4.6165316104888916,317.30905151367188,298.66412353515625,369.75701904296875,285.04629516601562,1
190,-0.28376283645629885,-0.061059284210205123,4.4141781330108643,286.30401611328125,232.83528137207031,261.45599365234375,235.38265991210938,0
191,0.71599488258361821,0.00038843154907231003,7.4145939350128174,370.6964111328125,240.16902160644531,374.00604248046875,241.51957702636719,0
192,-0.012565326690673784,-0.67590703964233401,6.8972196578979492,319.08132934570312,190.15019226074219,319.16900634765625,191.61033630371094,0
193,0.98184199333190914,-0.1688227653503418,6.7674992084503174,396.25531005859375,227.34580993652344,395.915283203125,228.68255615234375,0
194,-0.65312132835388181,-0.55657405853271491,4.3852276802062988,241.80477905273438,175.37606811523438,217.84727478027344,178.7872314453125,0
195,0.097099542617797852,-0.26577234268188477,5.3259861469268799,329.70657348632812,214.47700500488281,316.0179443359375,216.41748046875,0
196,0.11616396903991699,0.085517978668212868,6.1887071132659912,329.97671508789062,247.15771484375,376.01119995117188,331.77569580078125,1
197,0.45722737312316886,0.5282282829284668,5.9272291660308838,360.54562377929688,285.46878051757812,352.96426391601562,287.29568481445312,0
198,0.098923158645629838,-0.57551259994506843,7.487555980682373,326.84585571289062,200.81344604492188,330.54501342773438,202.15667724609375,0
199,-0.36407289505004881,-0.41628274917602542,4.6574845314025879,278.95108032226562,194.38616943359375,258.03570556640625,197.17967224121094,0
200,-0.75944881439208989,0.020416259765625,5.5362586975097656,248.10205078125,241.78468322753906,238.49159240722656,243.75010681152344,0
201,0.078611040115356356,0.17222528457641606,6.2187516689300537,326.75515747070312,254.06951904296875,321.7705078125,255.68910217285156,0
202,-0.65949425697326658,-0.5537363052368165,5.4487283229827881,256.57077026367188,188.09608459472656,245.63615417480469,190.77876281738281,0
203,-0.17659893035888663,-0.42518329620361328,6.5696642398834229,305.7548828125,206.84640502929688,150.1986083984375,155.55503845214844,1
204,0.93485813140869145,0.12779254913330074,7.8748137950897217,382.1829833984375,248.18045043945312,388.4559326171875,249.68135070800781,0
205,-0.16665587425231942,-0.357976245880127,4.0803596973419189,298.66952514648438,195.4017333984375,267.80661010742188,198.01091003417969,0
206,-0.030883455276489169,0.0033436775207519309,5.0406360626220703,316.76846313476562,240.30671691894531,300.10653686523438,242.30406188964844,0
207,-0.027243518829345614,0.72372579574584961,4.3043529987335205,316.77847290039062,325.75924682617188,289.31924438476562,327.44467163085938,0
208,-0.98506736755371094,-0.43189210891723634,5.2538292407989502,221.51181030273438,198.14195251464844,209.83103942871094,200.94627380371094,0
209,0.76607508659362789,0.40159273147583008,4.1774725914001465,416.22906494140625,288.8861083984375,386.79806518554688,291.994384765625,0
210,-0.70085062980651847,-0.1371437072753906,5.3224174976348877,250.78178405761719,226.73384094238281,383.25643920898438,213.69071960449219,1
211,0.18931488990783696,-0.041728401184082053,6.2547001838684082,335.916015625,236.60926818847656,331.20989990234375,238.11070251464844,0
212,0.059742164611816362,-0.70009918212890632,7.6524641513824463,323.95220947265625,193.34318542480469,328.73220825195312,194.82453918457031,0
213,0.61219596862792969,0.10655784606933594,7.740283727645874,361.37405395507812,247.08895874023438,366.66091918945312,248.33343505859375,0
214,-0.72945556640624998,-0.21062650680541994,4.3247840404510498,231.42984008789062,215.14277648925781,206.94839477539062,217.82756042480469,0
215,-1.0167710781097412,-0.72164239883422854,7.8047764301300049,251.547119140625,192.7191162109375,257.96231079101562,194.85235595703125,0
216,0.33525066375732426,0.13672065734863281,4.4549224376678467,359.37551879882812,255.618896484375,334.5531005859375,257.96774291992188,0
217,0.58050899505615239,-0.76269350051879892,5.2646870613098145,377.75521850585938,166.10675048828125,282.81326293945312,232.19747924804688,1
218,-0.90897574424743643,0.42762441635131831,5.8632519245147705,238.73640441894531,277.31192016601562,232.33987426757812,278.25039672851562,0
219,0.28769502639770517,-0.36952447891235352,4.3762037754058838,354.60287475585938,197.076904296875,328.28884887695312,199.2745361328125,0
220,-0.26686062812805178,0.79937391281127934,7.7734508514404297,302.04522705078125,292.50949096679688,307.4697265625,293.38357543945312,0
221,-1.0523886680603027,-0.16634378433227537,6.5139877796173096,235.26516723632812,226.84620666503906,234.24276733398438,228.86126708984375,0
222,-0.77557582855224605,0.11802310943603511,6.1677815914154053,253.99903869628906,249.75904846191406,249.78327941894531,251.19779968261719,0
223,1.0451352596282957,-0.028720760345459007,7.1193184852600098,396.983154296875,237.82244873046875,399.21905517578125,239.28666687011719,0
224,-0.86312928199768058,0.33848276138305655,7.8064923286437988,261.85128784179688,262.14239501953125,270.83901977539062,200.02140808105469,1
225,0.52649803161621089,0.20608463287353507,5.7588908672332764,367.872314453125,258.123291015625,359.06094360351562,260.18527221679688,0
226,0.63761615753173828,0.4200082778930665,5.0163223743438721,386.839599609375,282.63601684570312,369.71148681640625,284.93313598632812,0
227,0.72384710311889644,-0.0047781944274902788,7.6863641738891602,369.4700927734375,239.76136779785156,374.34820556640625,241.12448120117188,0
228,0.22759752273559575,0.10235624313354497,7.4194982051849365,336.23190307617188,246.96385192871094,339.21893310546875,248.48493957519531,0
229,-0.32811470031738277,-0.50147686004638681,5.1932737827301025,286.70370483398438,190.63388061523438,272.56045532226562,193.16139221191406,0
230,0.61852583885192858,0.3181957244873046,7.0597639083862305,366.02255249023438,262.98489379882812,367.23867797851562,264.44155883789062,0
231,0.32762374877929679,0.60125465393066402,7.5242164134979248,342.86395263671875,280.89004516601562,355.50820922851562,243.70964050292969,1
232,0.94241409301757817,-0.77482643127441408,4.1358933448791504,439.65142822265625,144.40583801269531,409.97970581054688,145.70207214355469,0
233,0.68475065231323229,0.77771167755126958,4.463238000869751,400.58447265625,328.7520751953125,375.938720703125,331.93606567382812,0
234,-0.92225518226623526,0.4863429069519043,4.0257928371429443,199.65518188476562,301.7513427734375,171.68353271484375,302.43682861328125,0
235,-0.13915958404541007,-0.22641105651855475,4.1241388320922852,302.2955322265625,212.06105041503906,272.25363159179688,214.58247375488281,0
236,-0.40254807472229004,0.41048049926757812,4.7257003784179688,275.20184326171875,284.2012939453125,255.2452392578125,285.86978149414062,0
237,0.87859268188476558,0.12411708831787105,5.2469446659088135,408.03756713867188,252.14451599121094,394.15426635742188,254.19734191894531,0
238,1.0462347507476808,-0.61587343215942392,5.4891571998596191,420.1290283203125,182.75090026855469,305.10086059570312,306.08688354492188,1
239,-0.98848743438720699,-0.44847955703735354,7.666069507598877,252.40843200683594,210.11785888671875,257.8731689453125,211.77204895019531,0
