id,has_previous,u_previous,v_previous,u_current,v_current
0,1,444,136,448.00003051757812,139.00025939941406
1,1,608,304,612,306.99996948242188
2,1,134,196,138.00022888183594,198.99998474121094
3,1,68,411,71.999984741210938,414.0003662109375
4,1,431,431,434.99996948242188,434.00003051757812
5,1,479,239,483.00015258789062,242.00001525878906
6,1,286,117,290,119.99989318847656
7,1,454,430,457.99990844726562,433
8,1,454,172,458,174.99990844726562
9,1,31,359,34.999954223632812,362.00003051757812
10,1,283,342,287,344.99984741210938
11,1,57,410,61.000125885009766,412.99929809570312
12,1,89,364,92.999740600585938,367.00003051757812
13,1,110,436,113.99997711181641,438.99993896484375
14,1,607,335,611.000244140625,338
15,1,482,242,486,245.00006103515625
16,1,574,291,577.99993896484375,293.99981689453125
17,1,268,118,272.00006103515625,121.00025939941406
18,1,288,118,292,121.00005340576172
19,1,587,176,591.00006103515625,178.99992370605469
20,1,446,360,449.99996948242188,362.999755859375
21,1,272,362,275.99996948242188,365.00027465820312
22,1,496,231,499.99996948242188,233.99960327148438
23,1,45,101,49.000003814697266,103.99987030029297
24,1,43,366,47.000053405761719,369.00003051757812
25,1,162,158,166.00009155273438,160.999755859375
26,1,279,362,283,365.00009155273438
27,1,449,124,452.99996948242188,126.99951171875
28,1,160,160,163.99966430664062,162.99996948242188
29,1,470,226,474.00003051757812,229.00003051757812
30,1,502,236,505.99996948242188,239.0006103515625
31,1,587,203,590.99993896484375,205.99983215332031
32,1,242,445,245.99960327148438,447.99917602539062
33,1,596,177,599.999267578125,179.99981689453125
34,1,282,340,286,342.99996948242188
35,1,468,228,471.99990844726562,231.00010681152344
36,1,136,70,139.99995422363281,72.999923706054688
37,1,432,407,435.99996948242188,409.999755859375
38,1,574,269,577.99993896484375,271.99993896484375
39,1,270,360,274.00003051757812,363.00006103515625
40,1,451,134,455.00003051757812,136.999755859375
41,1,87,366,90.999725341796875,369.00003051757812
42,1,60,365,63.999969482421875,367.99990844726562
43,1,608,153,611.9998779296875,155.99911499023438
44,1,486,40,490.00003051757812,42.999988555908203
45,1,585,177,588.99993896484375,180.00006103515625
46,1,538,116,541.99993896484375,118.99936676025391
47,1,529,67,533,70.000068664550781
48,1,525,69,529,72.000038146972656
49,1,599,268,602.99951171875,270.99978637695312
50,1,607,321,611.00006103515625,324.00003051757812
51,1,142,388,146.00006103515625,391.00003051757812
52,1,551,138,555,140.99996948242188
53,1,495,218,499.00003051757812,220.99995422363281
54,1,388,147,392.00128173828125,150.000244140625
55,1,483,251,486.99996948242188,253.99978637695312
56,1,226,445,230.00027465820312,447.99935913085938
57,1,443,125,446.99990844726562,128.00003051757812
58,1,67,377,70.999557495117188,380.00015258789062
59,1,263,140,267.000244140625,143.00001525878906
60,1,463,147,467,150.000244140625
61,1,493,216,497.00003051757812,218.99995422363281
62,1,552,150,555.99993896484375,153.00001525878906
63,1,608,329,612.0001220703125,332
64,1,539,118,542.99981689453125,120.99935913085938
65,1,596,201,600,203.99996948242188
66,1,112,438,115.99979400634766,440.99978637695312
67,1,449,227,453.00045776367188,230.00048828125
68,1,496,191,499.99996948242188,194.00015258789062
69,1,526,143,529.9998779296875,145.99954223632812
70,1,299,285,303.00051879882812,288.00042724609375
71,1,161,373,164.99932861328125,376.00042724609375
72,1,606,137,610,139.99995422363281
73,1,71,367,74.999755859375,369.99905395507812
74,1,70,386,74.000007629394531,389.00009155273438
75,1,116,422,119.99996948242188,425
76,1,46,103,50.000003814697266,105.99967193603516
77,1,62,364,66.000030517578125,367.00021362304688
78,1,134,204,138.00019836425781,207
79,1,463,172,467.00003051757812,174.99990844726562
80,1,527,69,531,72.00006103515625
81,1,343,402,347.00009155273438,405.00006103515625
82,1,58,384,61.999992370605469,386.99993896484375
83,1,178,159,181.99964904785156,161.99989318847656
84,1,285,365,288.99993896484375,367.99990844726562
85,1,462,145,466.00003051757812,147.99948120117188
86,1,179,164,183.00018310546875,167.00009155273438
87,1,454,407,457.99996948242188,410.00009155273438
88,1,160,166,164.00001525878906,168.99995422363281
89,1,287,141,291.00003051757812,144.00004577636719
90,1,89,366,92.999702453613281,369.00003051757812
91,1,299,448,302.99972534179688,450.99966430664062
92,1,450,204,453.99993896484375,207.00004577636719
93,1,63,356,67.000129699707031,358.99993896484375
94,1,575,267,578.9998779296875,270.00003051757812
95,1,451,124,454.99990844726562,126.99961853027344
96,1,142,372,146.00009155273438,374.99951171875
97,1,352,226,356.00006103515625,228.99996948242188
98,1,352,239,356.00048828125,241.99993896484375
99,1,584,328,588.000244140625,331.00003051757812
100,1,532,142,535.9993896484375,144.999755859375
101,1,38,359,41.999885559082031,362.00003051757812
102,1,597,292,601.00018310546875,294.99996948242188
103,1,374,379,378,381.99978637695312
104,1,483,209,486.9996337890625,212.00006103515625
105,1,565,149,568.99945068359375,152.00015258789062
106,1,121,71,125.00066375732422,73.998298645019531
107,1,69,384,72.999977111816406,387
108,1,423,386,426.99984741210938,388.99981689453125
109,1,481.20001220703125,241.20001220703125,485.19961547851562,244.19818115234375
110,1,67.200004577636719,375.60000610351562,71.199752807617188,378.60110473632812
111,1,324,172.80000305175781,328.00009155273438,175.80061340332031
112,1,430.80001831054688,429.60000610351562,434.8001708984375,432.60195922851562
113,1,444.00003051757812,135.60000610351562,448.00003051757812,138.60154724121094
114,1,45.600002288818359,102.00000762939453,49.599643707275391,105.00032806396484
115,1,448.80001831054688,226.80000305175781,452.80029296875,229.80101013183594
116,1,42,375.60000610351562,45.999866485595703,378.59701538085938
117,1,43.200000762939453,366,47.202205657958984,369.00003051757812
118,1,111.60000610351562,438.00003051757812,115.59874725341797,440.99990844726562
119,1,60.000003814697266,364.80001831054688,63.999961853027344,367.80059814453125
120,1,68.400001525878906,384,72.398025512695312,387.00003051757812
121,1,584.4000244140625,334.80001831054688,588.4022216796875,337.80062866210938
122,1,379.20001220703125,126.00000762939453,383.2001953125,128.99989318847656
123,1,586.800048828125,202.80000305175781,590.79998779296875,205.80036926269531
124,1,453.60000610351562,408.00003051757812,457.6016845703125,410.99993896484375
125,1,285.60000610351562,364.80001831054688,289.60015869140625,367.80078125
126,1,87.600006103515625,354,91.596900939941406,356.9998779296875
127,1,494.4000244140625,218.40000915527344,498.3997802734375,221.39874267578125
128,1,88.800003051757812,422.4000244140625,92.799736022949219,425.40255737304688
129,1,91.200004577636719,420.00003051757812,95.200675964355469,422.9998779296875
130,1,477.60000610351562,218.40000915527344,481.60031127929688,221.39797973632812
131,1,430.80001831054688,408.00003051757812,434.79849243164062,411.00018310546875
132,1,270,360,274.00003051757812,363.00006103515625
133,1,495.60000610351562,231.60000610351562,499.59979248046875,234.598388671875
134,1,468.00003051757812,205.20001220703125,471.99981689453125,208.19828796386719
135,1,279.60000610351562,361.20001220703125,283.5999755859375,364.19940185546875
136,1,493.20001220703125,216.00001525878906,497.20053100585938,218.99996948242188
137,1,480.00003051757812,216.00001525878906,484.00018310546875,218.99996948242188
138,1,446.4000244140625,361.20001220703125,450.3988037109375,364.19921875
139,1,286.80001831054688,117.60000610351562,290.80001831054688,120.60176086425781
140,1,477.60000610351562,216.00001525878906,481.60195922851562,219.00003051757812
141,1,469.20001220703125,226.80000305175781,473.19976806640625,229.80082702636719
142,1,500.4000244140625,234.00001525878906,504.39801025390625,236.9998779296875
143,1,88.800003051757812,363.60000610351562,92.800262451171875,366.5970458984375
144,1,574.800048828125,290.4000244140625,578.8001708984375,293.401611328125
145,1,442.80001831054688,124.80000305175781,446.7999267578125,127.80105590820312
146,1,141.60000610351562,387.60000610351562,145.59928894042969,390.59783935546875
147,1,160.80000305175781,165.60000610351562,164.80015563964844,168.60110473632812
148,1,595.20001220703125,176.40000915527344,599.199951171875,179.39797973632812
149,1,381.60000610351562,378,385.59954833984375,380.99990844726562
150,1,525.60003662109375,142.80000305175781,529.6002197265625,145.80047607421875
151,1,573.60003662109375,267.60000610351562,577.5999755859375,270.60134887695312
152,1,133.20001220703125,202.80000305175781,137.20085144042969,205.80116271972656
153,1,378,146.40000915527344,381.99990844726562,149.40167236328125
154,1,52.800003051757812,102.00000762939453,56.801181793212891,104.99953460693359
155,1,351.60000610351562,238.80000305175781,355.601318359375,241.80075073242188
156,1,584.4000244140625,328.80001831054688,588.40234375,331.80056762695312
157,1,177.60000610351562,158.40000915527344,181.60012817382812,161.40242004394531
158,1,452.4000244140625,171.60000610351562,456.4002685546875,174.60134887695312
159,1,343.20001220703125,402.00003051757812,347.19915771484375,404.99993896484375
160,1,462.00003051757812,171.60000610351562,466.00006103515625,174.60270690917969
161,1,160.80000305175781,373.20001220703125,164.79975891113281,376.19924926757812
162,1,504.00003051757812,127.20000457763672,508.0001220703125,130.19793701171875
163,1,286.80001831054688,140.40000915527344,290.79946899414062,143.4024658203125
164,1,387.60000610351562,127.20000457763672,391.60049438476562,130.19929504394531
165,1,484.80001831054688,40.800003051757812,488.799560546875,43.800811767578125
166,1,528,66,531.99993896484375,69.000045776367188
167,1,448.80001831054688,204.00001525878906,452.8006591796875,206.99967956542969
168,1,552,138,556,140.99996948242188
169,1,500.4000244140625,252.00001525878906,504.40310668945312,255.00001525878906
170,1,450.00003051757812,124.80000305175781,453.99990844726562,127.80162811279297
171,1,70.800003051757812,367.20001220703125,74.799919128417969,370.20147705078125
172,1,453.60000610351562,145.20001220703125,457.6002197265625,148.19952392578125
173,1,552,150,555.99993896484375,153.00001525878906
174,1,502.80001831054688,129.60000610351562,506.80056762695312,132.59683227539062
175,1,585.60003662109375,176.40000915527344,589.60015869140625,179.39813232421875
176,1,134.40000915527344,195.60000610351562,138.40037536621094,198.60111999511719
177,1,362.4000244140625,244.80000305175781,366.39883422851562,247.80094909667969
178,1,115.20000457763672,421.20001220703125,119.20107269287109,424.20147705078125
179,1,597.60003662109375,267.60000610351562,601.5999755859375,270.59823608398438
180,1,564,138,568.00048828125,141
181,1,526.800048828125,140.40000915527344,530.80010986328125,143.398681640625
182,1,374.4000244140625,378,378.40017700195312,381.0001220703125
183,1,531.60003662109375,141.60000610351562,535.60028076171875,144.60111999511719
184,1,495.60000610351562,208.80000305175781,499.59976196289062,211.80064392089844
185,1,483.60000610351562,252.00001525878906,487.60214233398438,254.9998779296875
186,1,462.00003051757812,145.20001220703125,466.00039672851562,148.2022705078125
187,1,525.60003662109375,68.400001525878906,529.5999755859375,71.398406982421875
188,1,178.80000305175781,165.60000610351562,182.7996826171875,168.60107421875
189,1,56.400001525878906,410.4000244140625,60.399696350097656,413.398193359375
190,1,537.60003662109375,116.40000152587891,541.6005859375,119.4017333984375
191,1,564,148.80000305175781,567.99993896484375,151.80117797851562
192,1,601.20001220703125,272.4000244140625,605.19915771484375,275.39791870117188
193,1,282,340.80001831054688,286.00006103515625,343.80252075195312
194,1,345.60000610351562,416.4000244140625,349.59982299804688,419.39785766601562
195,1,160.80000305175781,388.80001831054688,164.79957580566406,391.8009033203125
196,1,262.80001831054688,140.40000915527344,266.79959106445312,143.39804077148438
197,1,528,138,531.99993896484375,140.99984741210938
198,1,124.80000305175781,428.4000244140625,128.79995727539062,431.3985595703125
199,1,479.52001953125,216.00001525878906,483.52261352539062,218.99995422363281
200,1,449.280029296875,226.08000183105469,453.27947998046875,229.080078125
201,1,430.56002807617188,429.12002563476562,434.5599365234375,432.12060546875
202,1,495.36001586914062,230.40000915527344,499.36065673828125,233.40306091308594
203,1,531.36004638671875,141.12001037597656,535.359375,144.12068176269531
204,1,178.56001281738281,158.40000915527344,182.56025695800781,161.40235900878906
205,1,87.840003967285156,364.32000732421875,91.839340209960938,367.31939697265625
206,1,285.12002563476562,364.32000732421875,289.11996459960938,367.31863403320312
207,1,87.840003967285156,354.24002075195312,91.840217590332031,357.24139404296875
208,1,574.55999755859375,289.44000244140625,578.55987548828125,292.43692016601562
209,1,449.280029296875,125.28000640869141,453.28005981445312,128.28111267089844
210,1,161.27999877929688,164.16000366210938,165.27975463867188,167.15895080566406
211,1,178.56001281738281,164.16000366210938,182.55812072753906,167.15971374511719
212,1,443.52001953125,135.36000061035156,447.51968383789062,138.36247253417969
213,1,447.84002685546875,135.36000061035156,451.83984375,138.3623046875
214,1,118.08000183105469,427.68002319335938,122.07996368408203,430.677734375
215,1,286.55999755859375,118.08000183105469,290.56051635742188,121.07999420166016
216,1,574.55999755859375,267.83999633789062,578.56146240234375,270.8408203125
217,1,443.52001953125,125.28000640869141,447.51983642578125,128.27752685546875
218,1,499.68002319335938,234.72001647949219,503.67950439453125,237.71818542480469
219,1,69.120002746582031,408.96002197265625,73.119964599609375,411.96038818359375
220,1,492.48001098632812,216.00001525878906,496.48056030273438,219.00006103515625
221,1,460.80001831054688,145.44000244140625,464.8001708984375,148.43714904785156
222,1,493.92001342773438,218.8800048828125,497.920654296875,221.88095092773438
223,1,468.00003051757812,204.48001098632812,472.00006103515625,207.4815673828125
224,1,584.6400146484375,328.32000732421875,588.639404296875,331.32192993164062
225,1,286.55999755859375,139.68000793457031,290.56069946289062,142.6783447265625
226,1,468.00003051757812,226.08000183105469,471.99984741210938,229.08076477050781
227,1,452.16000366210938,171.36000061035156,456.16012573242188,174.36161804199219
228,1,453.60000610351562,407.52001953125,457.59976196289062,410.52276611328125
229,1,46.080001831054688,102.24000549316406,50.080013275146484,105.24077606201172
230,1,453.60000610351562,429.12002563476562,457.60174560546875,432.12020874023438
231,1,460.80001831054688,171.36000061035156,464.80010986328125,174.36155700683594
232,1,444.96002197265625,360,448.95968627929688,362.99972534179688
233,1,270.72000122070312,360,274.71990966796875,363.00006103515625
234,1,162.72000122070312,158.40000915527344,166.72003173828125,161.39894104003906
235,1,60.480003356933594,364.32000732421875,64.479019165039062,367.32009887695312
236,1,584.6400146484375,334.08001708984375,588.63726806640625,337.0799560546875
237,1,66.240005493164062,375.84002685546875,70.240242004394531,378.83944702148438
238,1,378.72000122070312,146.8800048828125,382.71966552734375,149.87882995605469
239,1,159.84001159667969,372.96002197265625,163.84027099609375,375.95989990234375
240,1,430.56002807617188,407.52001953125,434.55996704101562,410.52166748046875
241,1,584.6400146484375,177.12001037597656,588.6397705078125,180.12081909179688
242,1,528.48004150390625,138.24000549316406,532.48065185546875,141.24116516113281
243,1,324,172.80000305175781,328.00009155273438,175.80061340332031
244,1,561.60003662109375,149.760009765625,565.600830078125,152.75924682617188
245,1,69.120002746582031,384.48001098632812,73.120018005371094,387.47845458984375
246,1,480.96002197265625,240.48001098632812,484.95989990234375,243.478515625
247,1,344.16000366210938,400.32000732421875,348.16018676757812,403.31845092773438
248,1,452.16000366210938,145.44000244140625,456.16033935546875,148.43716430664062
249,1,142.56001281738281,371.52001953125,146.56101989746094,374.5181884765625
250,1,502.56002807617188,128.16000366210938,506.55841064453125,131.1612548828125
251,1,501.12002563476562,252.00001525878906,505.12173461914062,255.00001525878906
252,1,449.280029296875,204.48001098632812,453.2801513671875,207.47784423828125
253,1,70.560005187988281,367.20001220703125,74.559646606445312,370.201416015625
254,1,478.08001708984375,237.60000610351562,482.07998657226562,240.59837341308594
255,1,537.1199951171875,116.64000701904297,541.119873046875,119.63810729980469
256,1,563.0400390625,138.24000549316406,567.040283203125,141.241455078125
257,1,63.360000610351562,354.24002075195312,67.358245849609375,357.24081420898438
258,1,482.4000244140625,250.56001281738281,486.40118408203125,253.5623779296875
259,1,56.160003662109375,408.96002197265625,60.160530090332031,411.9600830078125
260,1,56.160003662109375,384.48001098632812,60.160037994384766,387.47845458984375
261,1,154.08000183105469,347.04000854492188,158.07965087890625,350.04086303710938
262,1,133.91999816894531,195.84001159667969,137.92105102539062,198.84100341796875
263,1,298.08001708984375,285.12002563476562,302.080078125,288.12106323242188
264,1,378.72000122070312,125.28000640869141,382.71990966796875,128.28152465820312
265,1,417.60000610351562,365.760009765625,421.60116577148438,368.76004028320312
266,1,421.92001342773438,384.48001098632812,425.92025756835938,387.4822998046875
267,1,89.280006408691406,420.48001098632812,93.280487060546875,423.47705078125
268,1,120.96000671386719,70.560005187988281,124.96009063720703,73.561141967773438
269,1,387.36001586914062,126.72000122070312,391.360107421875,129.71902465820312
270,1,551.52001953125,138.24000549316406,555.52252197265625,141.24073791503906
271,1,133.91999816894531,203.04000854492188,137.91966247558594,206.03993225097656
272,1,524.1600341796875,144,528.16009521484375,146.99986267089844
273,1,53.280002593994141,102.24000549316406,57.280033111572266,105.24162292480469
274,1,444.09603881835938,134.78401184082031,448.09603881835938,137.78558349609375
275,1,444.09603881835938,359.42404174804688,448.09628295898438,362.4254150390625
276,1,385.34402465820312,146.88002014160156,389.34341430664062,149.87925720214844
277,1,478.65603637695312,217.72802734375,482.65585327148438,220.72744750976562
278,1,285.12002563476562,364.6080322265625,289.12005615234375,367.60574340820312
279,1,492.48004150390625,217.72802734375,496.47979736328125,220.72705078125
280,1,527.0400390625,139.968017578125,531.04071044921875,142.9678955078125
281,1,573.696044921875,290.30401611328125,577.69586181640625,293.30239868164062
282,1,499.39205932617188,252.28802490234375,503.39273071289062,255.28962707519531
283,1,449.280029296875,226.36802673339844,453.28012084960938,229.36697387695312
284,1,452.73605346679688,171.072021484375,456.73605346679688,174.07225036621094
285,1,449.280029296875,134.78401184082031,453.280029296875,137.78489685058594
286,1,60.480007171630859,364.6080322265625,64.479179382324219,367.60922241210938
287,1,444.09603881835938,124.416015625,448.09600830078125,127.41892242431641
288,1,495.93603515625,231.55201721191406,499.93609619140625,234.55340576171875
289,1,86.400009155273438,355.96804809570312,90.398277282714844,358.968017578125
290,1,65.664009094238281,374.97604370117188,69.664962768554688,377.9759521484375
291,1,459.64804077148438,146.88002014160156,463.64788818359375,149.87828063964844
292,1,423.36004638671875,383.61602783203125,427.36026000976562,386.61727905273438
293,1,177.98402404785156,162.43202209472656,181.9840087890625,165.43052673339844
294,1,285.12002563476562,138.24002075195312,289.12008666992188,141.2393798828125
295,1,499.39205932617188,235.00802612304688,503.3917236328125,238.00802612304688
296,1,158.97601318359375,373.248046875,162.97587585449219,376.24652099609375
297,1,482.112060546875,209.0880126953125,486.11184692382812,212.08839416503906
298,1,468.28805541992188,226.36802673339844,472.28817749023438,229.36698913574219
299,1,584.06402587890625,335.23202514648438,588.0640869140625,338.23089599609375
300,1,343.87203979492188,414.72003173828125,347.87249755859375,417.72262573242188
301,1,134.78401184082031,202.176025390625,138.78631591796875,205.17503356933594
302,1,69.120010375976562,368.06402587890625,73.11968994140625,371.06390380859375
303,1,88.128005981445312,364.6080322265625,92.127655029296875,367.61019897460938
304,1,297.21603393554688,285.12002563476562,301.21609497070312,288.12075805664062
305,1,89.856010437011719,421.63204956054688,93.856353759765625,424.63003540039062
306,1,158.97601318359375,387.072021484375,162.97628784179688,390.07281494140625
307,1,387.072021484375,127.87200927734375,391.072021484375,130.87039184570312
308,1,63.936004638671875,355.96804809570312,67.936111450195312,358.96795654296875
309,1,378.43203735351562,146.88002014160156,382.4307861328125,149.87893676757812
310,1,449.280029296875,124.416015625,453.280029296875,127.41841125488281
311,1,69.120010375976562,385.34402465820312,73.120002746582031,388.34494018554688
312,1,57.024005889892578,385.34402465820312,61.023929595947266,388.34515380859375
313,1,120.96001434326172,70.848007202148438,124.95993041992188,73.847885131835938
314,1,374.97604370117188,378.43203735351562,378.97607421875,381.43505859375
315,1,452.73605346679688,146.88002014160156,456.73590087890625,149.88258361816406
316,1,573.696044921875,267.84002685546875,577.6971435546875,270.84112548828125
317,1,160.70401000976562,164.16001892089844,164.70425415039062,167.15899658203125
318,1,430.27203369140625,407.80804443359375,434.27230834960938,410.80923461914062
319,1,461.37603759765625,171.072021484375,465.37603759765625,174.072265625
320,1,57.024005889892578,409.53604125976562,61.023883819580078,412.53335571289062
321,1,584.06402587890625,328.32003784179688,588.06402587890625,331.32281494140625
322,1,452.73605346679688,407.80804443359375,456.73687744140625,410.80618286132812
323,1,271.2960205078125,361.15203857421875,275.29586791992188,364.15365600585938
324,1,483.84005737304688,252.28802490234375,487.84039306640625,255.29055786132812
325,1,449.280029296875,205.63201904296875,453.280029296875,208.63339233398438
326,1,468.28805541992188,205.63201904296875,472.28851318359375,208.6339111328125
327,1,286.8480224609375,117.50401306152344,290.84811401367188,120.50627136230469
328,1,494.20803833007812,209.0880126953125,498.2083740234375,212.08836364746094
329,1,563.32806396484375,148.60801696777344,567.328369140625,151.60940551757812
330,1,563.32806396484375,138.24002075195312,567.32904052734375,141.24093627929688
331,1,528.76806640625,69.120010375976562,532.7679443359375,72.119674682617188
332,1,418.176025390625,366.33602905273438,422.17587280273438,369.33395385742188
333,1,290.30401611328125,285.12002563476562,294.3046875,288.1207275390625
334,1,141.69601440429688,373.248046875,145.69683837890625,376.24560546875
335,1,141.69601440429688,387.072021484375,145.69656372070312,390.07266235351562
336,1,435.4560546875,355.96804809570312,439.45401000976562,358.96792602539062
337,1,178.32962036132812,161.74082946777344,182.33049011230469,164.73974609375
338,1,443.75045776367188,358.73284912109375,447.75082397460938,361.73532104492188
339,1,275.78884887695312,358.73284912109375,279.78884887695312,361.73196411132812
340,1,286.15682983398438,118.19521331787109,290.15652465820312,121.19391632080078
341,1,385.68966674804688,126.48961639404297,389.68963623046875,129.49130249023438
342,1,454.11846923828125,170.03521728515625,458.11849975585938,173.03509521484375
343,1,68.428810119628906,383.61605834960938,72.429420471191406,386.61367797851562
344,1,447.89767456054688,124.416015625,451.89764404296875,127.41902160644531
345,1,66.355209350585938,373.248046875,70.354446411132812,376.2496337890625
346,1,161.74082946777344,163.81442260742188,165.74079895019531,166.81402587890625
347,1,445.82406616210938,132.71041870117188,449.82400512695312,135.71316528320312
348,1,468.6336669921875,205.28642272949219,472.6341552734375,208.2877197265625
349,1,449.97125244140625,205.28642272949219,453.97122192382812,208.28744506835938
350,1,87.091209411621094,354.58566284179688,91.091178894042969,357.58319091796875
351,1,499.7376708984375,250.9056396484375,503.7371826171875,253.90536499023438
352,1,468.6336669921875,226.02243041992188,472.63198852539062,229.02253723144531
353,1,485.22247314453125,250.9056396484375,489.22219848632812,253.90531921386719
354,1,479.00167846679688,217.72802734375,483.00164794921875,220.72706604003906
355,1,449.97125244140625,226.02243041992188,453.97119140625,229.02255249023438
356,1,483.14886474609375,207.36003112792969,487.14877319335938,210.36106872558594
357,1,286.15682983398438,138.93121337890625,290.15704345703125,141.93095397949219
358,1,497.6640625,230.16963195800781,501.66439819335938,233.17068481445312
359,1,134.78401184082031,199.06562805175781,138.78163146972656,202.0657958984375
360,1,70.502410888671875,367.02725219726562,74.50335693359375,370.0279541015625
361,1,64.281608581542969,354.58566284179688,68.28033447265625,357.58673095703125
362,1,445.82406616210938,362.88006591796875,449.82427978515625,365.879150390625
363,1,501.811279296875,234.31683349609375,505.81097412109375,237.314208984375
364,1,564.019287109375,147.22561645507812,568.01922607421875,150.224365234375
365,1,493.51687622070312,217.72802734375,497.51651000976562,220.72697448730469
366,1,460.33926391601562,147.22561645507812,464.33944702148438,150.22508239746094
367,1,454.11846923828125,145.15202331542969,458.11843872070312,148.15107727050781
368,1,387.76324462890625,145.15202331542969,391.76589965820312,148.15170288085938
369,1,87.091209411621094,362.88006591796875,91.091690063476562,365.87960815429688
370,1,344.2176513671875,402.2784423828125,348.21728515625,405.28042602539062
371,1,423.01446533203125,383.61605834960938,427.0145263671875,386.61837768554688
372,1,315.187255859375,66.355209350585938,319.18759155273438,69.353988647460938
373,1,344.2176513671875,412.64645385742188,348.2174072265625,415.6446533203125
374,1,381.54244995117188,377.395263671875,385.54217529296875,380.39776611328125
375,1,271.64163208007812,358.73284912109375,275.64157104492188,361.735107421875
376,1,454.11846923828125,406.4256591796875,458.118408203125,409.42276000976562
377,1,418.86724853515625,367.02725219726562,422.8658447265625,370.02716064453125
378,1,375.3216552734375,377.395263671875,379.3214111328125,380.39791870117188
379,1,159.66722106933594,373.248046875,163.66673278808594,376.24688720703125
380,1,564.019287109375,138.93121337890625,568.0194091796875,141.93069458007812
381,1,532.915283203125,161.74082946777344,536.9150390625,164.73843383789062
382,1,143.07841491699219,373.248046875,147.07829284667969,376.24917602539062
383,1,288.23043823242188,364.95364379882812,292.23013305664062,367.95352172851562
384,1,495.59048461914062,207.36003112792969,499.59036254882812,210.36093139648438
385,1,122.34241485595703,70.502410888671875,126.34255218505859,73.503143310546875
386,1,68.428810119628906,408.499267578125,72.429306030273438,411.496826171875
387,1,159.66722106933594,385.68966674804688,163.66783142089844,388.687744140625
388,1,143.07841491699219,385.68966674804688,147.07865905761719,388.69189453125
389,1,161.7408447265625,164.22915649414062,165.74099731445312,167.229736328125
390,1,500.15243530273438,236.39045715332031,504.15231323242188,239.38856506347656
391,1,418.03787231445312,368.27145385742188,422.03799438476562,371.27407836914062
392,1,450.38601684570312,223.9488525390625,454.38604736328125,226.94888305664062
393,1,445.40939331054688,126.90435028076172,449.40939331054688,129.90396118164062
394,1,465.31594848632812,223.9488525390625,469.31716918945312,226.94882202148438
395,1,378.2247314453125,84.602897644042969,382.22406005859375,87.599891662597656
396,1,296.11013793945312,286.1568603515625,300.11019897460938,289.1573486328125
397,1,480.24588012695312,218.97221374511719,484.24575805664062,221.97184753417969
398,1,87.091217041015625,363.2947998046875,91.091293334960938,366.29580688476562
399,1,385.689697265625,129.39266967773438,389.68984985351562,132.391357421875
400,1,380.71304321289062,126.90435028076172,384.712890625,129.9036865234375
401,1,176.67076110839844,161.7408447265625,180.67149353027344,164.73974609375
402,1,442.92105102539062,360.80648803710938,446.92117309570312,363.80715942382812
403,1,134.36930847167969,199.06564331054688,138.37193298339844,202.06559753417969
404,1,460.33929443359375,169.20579528808594,464.33935546875,172.20503234863281
405,1,452.87435913085938,169.20579528808594,456.87432861328125,172.20481872558594
406,1,273.71527099609375,358.31817626953125,277.71530151367188,361.31655883789062
407,1,492.68746948242188,218.97221374511719,496.68637084960938,221.97224426269531
408,1,87.091217041015625,355.829833984375,91.090248107910156,358.82992553710938
409,1,465.31594848632812,206.53060913085938,469.31610107421875,209.53221130371094
410,1,445.40939331054688,131.88099670410156,449.40966796875,134.8817138671875
411,1,482.73419189453125,206.53060913085938,486.73452758789062,209.52957153320312
412,1,497.66412353515625,248.83206176757812,501.6630859375,251.83091735839844
413,1,492.68746948242188,206.53060913085938,496.687255859375,209.52946472167969
414,1,485.22250366210938,251.32037353515625,489.22256469726562,254.32170104980469
415,1,283.66854858398438,136.85763549804688,287.66830444335938,139.85804748535156
416,1,283.66854858398438,119.43939208984375,287.66879272460938,122.44231414794922
417,1,266.25030517578125,139.345947265625,270.24984741210938,142.34320068359375
418,1,460.33929443359375,146.8109130859375,464.33926391601562,149.81190490722656
419,1,452.87435913085938,146.8109130859375,456.87442016601562,149.80795288085938
420,1,378.2247314453125,378.2247314453125,382.22488403320312,381.22579956054688
421,1,385.689697265625,146.8109130859375,389.6898193359375,149.81161499023438
422,1,380.71304321289062,146.8109130859375,384.713134765625,149.81182861328125
423,1,423.01449584960938,383.20138549804688,427.01446533203125,386.199951171875
424,1,159.25251770019531,385.689697265625,163.25312805175781,388.68768310546875
425,1,450.38601684570312,206.53060913085938,454.3858642578125,209.52923583984375
426,1,534.98895263671875,395.64297485351562,538.98895263671875,398.6444091796875
427,1,559.87213134765625,383.20138549804688,563.87213134765625,386.199951171875
428,1,368.27145385742188,395.64297485351562,372.27334594726562,398.64254760742188
429,1,141.83427429199219,385.689697265625,145.83456420898438,388.69180297851562
430,1,333.43496704101562,171.69412231445312,337.4351806640625,174.69232177734375
431,1,482.73419189453125,191.60069274902344,486.73440551757812,194.59904479980469
432,1,527.52398681640625,139.345947265625,531.5238037109375,142.34698486328125
433,1,456.85568237304688,146.31326293945312,460.85565185546875,149.31561279296875
434,1,158.2572021484375,385.19204711914062,162.25721740722656,388.19146728515625
435,1,370.26211547851562,226.93484497070312,374.263916015625,229.93441772460938
436,1,483.72955322265625,250.82272338867188,487.72857666015625,253.82107543945312
437,1,444.9117431640625,131.38333129882812,448.91165161132812,134.385986328125
438,1,415.0518798828125,367.276123046875,419.05191040039062,370.27734375
439,1,271.724609375,358.31817626953125,275.7247314453125,361.316650390625
440,1,450.88369750976562,223.9488525390625,454.88372802734375,226.94895935058594
441,1,283.66854858398438,119.43939208984375,287.66879272460938,122.44231414794922
442,1,465.81362915039062,206.032958984375,469.81414794921875,209.03298950195312
443,1,382.2060546875,146.31326293945312,386.20571899414062,149.31570434570312
444,1,176.173095703125,164.22915649414062,180.17343139648438,167.2294921875
445,1,450.88369750976562,206.032958984375,454.88363647460938,209.03285217285156
446,1,283.66854858398438,137.35530090332031,287.66885375976562,140.35401916503906
447,1,134.36932373046875,200.06097412109375,138.36582946777344,203.06101989746094
448,1,456.85568237304688,167.21514892578125,460.85549926757812,170.21734619140625
449,1,143.3272705078125,385.19204711914062,147.32691955566406,388.19088745117188
450,1,424.00982666015625,382.2060546875,428.009765625,385.2073974609375
451,1,376.23406982421875,379.22006225585938,380.23391723632812,382.2218017578125
452,1,441.92575073242188,361.30416870117188,445.92562866210938,364.3016357421875
453,1,495.6734619140625,247.83673095703125,499.67343139648438,250.83784484863281
454,1,164.22915649414062,161.24317932128906,168.22946166992188,164.24217224121094
455,1,465.81362915039062,223.9488525390625,469.81423950195312,226.94888305664062
456,1,483.72955322265625,191.10302734375,487.7298583984375,194.10403442382812
457,1,158.2572021484375,376.23406982421875,162.25747680664062,379.23477172851562
458,1,328.45831298828125,170.20114135742188,332.45834350585938,173.20103454589844
459,1,334.4302978515625,170.20114135742188,338.43060302734375,173.20103454589844
460,1,185.13105773925781,286.654541015625,189.130859375,289.65655517578125
461,1,385.19204711914062,131.38333129882812,389.1920166015625,134.38462829589844
462,1,489.70150756835938,220.96287536621094,493.70193481445312,223.96199035644531
463,1,143.3272705078125,373.24810791015625,147.32826232910156,376.24594116210938
464,1,292.62652587890625,289.64053344726562,296.62637329101562,292.639404296875
465,1,492.6875,191.10302734375,496.68780517578125,194.10391235351562
466,1,292.62652587890625,370.26211547851562,296.62725830078125,373.26406860351562
467,1,373.24810791015625,200.06097412109375,377.24822998046875,203.06216430664062
468,1,370.26211547851562,235.89279174804688,374.26177978515625,238.893310546875
469,1,283.07138061523438,136.16090393066406,287.07159423828125,139.15997314453125
470,1,369.06771850585938,232.90681457519531,373.06838989257812,235.90655517578125
471,1,451.48092651367188,207.82455444335938,455.480712890625,210.82337951660156
472,1,487.312744140625,222.15727233886719,491.31198120117188,225.15641784667969
473,1,451.48092651367188,222.15727233886719,455.48086547851562,225.156494140625
474,1,444.31454467773438,361.9013671875,448.31439208984375,364.9017333984375
475,1,465.81362915039062,207.82455444335938,469.81399536132812,210.82415771484375
476,1,136.16090393066406,197.07499694824219,140.15943908691406,200.07518005371094
477,1,383.40045166015625,143.3272705078125,387.40048217773438,146.3291015625
478,1,283.07138061523438,118.24500274658203,287.07144165039062,121.24575042724609
479,1,458.64727783203125,146.91046142578125,462.64706420898438,149.90895080566406
480,1,483.72955322265625,200.65818786621094,487.72958374023438,203.65663146972656
481,1,333.23590087890625,164.82637023925781,337.23587036132812,167.82717895507812
482,1,272.32180786132812,358.31817626953125,276.32196044921875,361.31680297851562
483,1,175.57591247558594,161.24317932128906,179.57566833496094,164.24234008789062
484,1,490.89590454101562,193.4918212890625,494.89581298828125,196.49372863769531
485,1,458.64727783203125,164.82637023925781,462.64724731445312,167.82733154296875
486,1,293.8209228515625,290.23773193359375,297.82095336914062,293.23574829101562
487,1,447.89773559570312,128.99455261230469,451.89822387695312,131.99456787109375
488,1,447.89773559570312,275.90499877929688,451.89773559570312,278.90542602539062
489,1,401.31637573242188,136.16090393066406,405.31683349609375,139.16133117675781
490,1,490.89590454101562,250.82272338867188,494.895263671875,253.8214111328125
491,1,465.81362915039062,222.15727233886719,469.81378173828125,225.15605163574219
492,1,451.48092651367188,290.23773193359375,455.48092651367188,293.23828125
493,1,383.40045166015625,132.57772827148438,387.4002685546875,135.58000183105469
494,1,329.65274047851562,136.16090393066406,333.65066528320312,139.16000366210938
495,1,412.06591796875,354.73501586914062,416.06588745117188,357.734130859375
496,1,354.73501586914062,225.74046325683594,358.73501586914062,228.74160766601562
497,1,143.3272705078125,150.49363708496094,147.3271484375,153.49235534667969
498,1,343.9854736328125,136.16090393066406,347.98529052734375,139.15972900390625
499,1,412.06591796875,136.16090393066406,416.06539916992188,139.15901184082031
